Age Group,Encounters,Readmissions,Rate,Total Cost
[30-40),3699,397,0.10732630440659638,5955000
[40-50),9465,981,0.10364500792393026,14715000
[50-60),16895,1515,0.08967150044391832,22725000
[60-70),21988,2081,0.09464253229034018,31215000
[70-80),25468,2301,0.0903486728443537,34515000
[80-90),16800,1595,0.09494047619047619,23925000
[90-100),2724,261,0.09581497797356828,3915000
